{
    "rpi.focus":{
        
    },
    "rpi.black_level":
    {
        "black_level": 4096
    },
    "rpi.dpc":
    {
    },
    "rpi.lux":
    {
        "reference_shutter_speed": 29966,
        "reference_gain": 2.03,
        "reference_aperture": 1.0,
        "reference_lux": 910,
        "reference_Y": 13551
    },
    "rpi.noise":
    {
        "reference_constant": 0,
        "reference_slope": 2.271
    },
    "rpi.geq":
    {
        "offset": 151,
        "slope": 0.00766
    },
    "rpi.sdn":
    {
        "deviation":3.7,
        "strength":0.75	
    },
    "rpi.awb":
    {
        "priors":
        [
            {
                "lux": 0, "prior":
                [
                    2000, 1.0, 3000, 0.0, 13000, 0.0
                ]
            },
            {
                "lux": 800, "prior":
                [
                    2000, 0.0, 6000, 2.0, 13000, 2.0
                ]
            },
            {
                "lux": 1500, "prior":
                [
                    2000, 0.0, 4000, 1.0, 6000, 6.0, 6500, 7.0, 7000, 1.0, 13000, 1.0
                ]
            }
        ],
        "modes":
        {
            "auto":
            {
                "lo": 2500,
                "hi": 8000
            },
            "incandescent":
            {
                "lo": 2500,
                "hi": 3000
            },
            "tungsten":
            {
                "lo": 3000,
                "hi": 3500
            },
            "fluorescent":
            {
                "lo": 4000,
                "hi": 4700
            },
            "indoor":
            {
                "lo": 3000,
                "hi": 5000
            },
            "daylight":
            {
                "lo": 5500,
                "hi": 6500
            },
            "cloudy":
            {
                "lo": 7000,
                "hi": 8600
            }
        },
        "bayes": 1,
        "ct_curve":
        [
            2700.0, 0.8952, 0.3556, 3000.0, 0.8303, 0.3715, 4000.0, 0.6272, 0.4695, 4150.0, 0.5957, 0.4938, 6500.0, 0.4706, 0.6255
        ],
        "sensitivity_r": 1.0,
        "sensitivity_b": 1.0,
        "transverse_pos": 0.01339,
        "transverse_neg": 0.01002
    },
    "rpi.agc":
    {
        "metering_modes":
        {
            "centre-weighted":
            {
                "weights":
                [
                    3, 3, 3, 2, 2, 2, 2, 1, 1, 1, 1, 0, 0, 0, 0
                ]
            },
            "spot":
            {
                "weights":
                [
                    2, 1, 1, 0, 0, 0, 0, 0, 0, 0, 0, 0, 0, 0, 0
                ]
            },
            "matrix":
            {
                "weights":
                [
                    1, 1, 1, 1, 1, 1, 1, 1, 1, 1, 1, 1, 1, 1, 1
                ]
            }
        },
        "exposure_modes":
        {
            "normal":
            {
                "shutter":
                [
                    100, 10000, 30000, 60000, 120000
                ],
                "gain":
                [
                    1.0, 2.0, 4.0, 6.0, 7.0
                ]
            },
            "short":
            {
                "shutter":
                [
                    100, 5000, 10000, 20000, 120000
                ],
                "gain":
                [
                    1.0, 2.0, 4.0, 6.0, 7.0
                ]
            }
        },
        "constraint_modes":
        {
            "normal":
            [
                {
                    "bound": "LOWER", "q_lo": 0.98, "q_hi": 1.0, "y_target":
                    [
                        0, 0.5, 1000, 0.5
                    ]
                }
            ],
            "highlight":
            [
                {
                    "bound": "LOWER", "q_lo": 0.98, "q_hi": 1.0, "y_target":
                    [
                        0, 0.5, 1000, 0.5
                    ]
                },
                {
                    "bound": "UPPER", "q_lo": 0.98, "q_hi": 1.0, "y_target":
                    [
                        0, 0.8, 1000, 0.8
                    ]
                }
            ]
        },
        "y_target":
        [
            0, 0.16, 1000, 0.165, 10000, 0.17
        ]
    },
    "rpi.alsc":
    {
        "omega": 1.3,
        "n_iter": 100,
        "luminance_strength": 0.5,
        "calibrations_Cr":
        [
            {
                "ct": 6500, "table":
                [
                    2.189, 2.197, 2.203, 2.204, 2.203, 2.195, 2.189, 2.189, 2.189, 2.194, 2.204, 2.212, 2.215, 2.218, 2.213, 2.211,
                    2.196, 2.202, 2.206, 2.205, 2.201, 2.192, 2.189, 2.183, 2.184, 2.191, 2.198, 2.211, 2.218, 2.219, 2.218, 2.213,
                    2.198, 2.206, 2.206, 2.205, 2.199, 2.191, 2.182, 2.177, 2.177, 2.184, 2.196, 2.207, 2.219, 2.225, 2.225, 2.219,
                    2.199, 2.206, 2.206, 2.202, 2.197, 2.187, 2.176, 2.164, 2.164, 2.177, 2.188, 2.205, 2.218, 2.229, 2.229, 2.223,
                    2.203, 2.203, 2.204, 2.199, 2.194, 2.178, 2.164, 2.147, 2.142, 2.163, 2.178, 2.199, 2.216, 2.228, 2.228, 2.224,
                    2.206, 2.206, 2.203, 2.199, 2.192, 2.175, 2.149, 2.139, 2.133, 2.139, 2.165, 2.193, 2.212, 2.225, 2.225, 2.224,
                    2.208, 2.208, 2.208, 2.203, 2.193, 2.175, 2.149, 2.139, 2.133, 2.139, 2.165, 2.193, 2.211, 2.225, 2.225, 2.224,
                    2.215, 2.217, 2.217, 2.213, 2.204, 2.189, 2.172, 2.149, 2.147, 2.162, 2.172, 2.194, 2.211, 2.223, 2.223, 2.223,
                    2.222, 2.224, 2.229, 2.226, 2.214, 2.204, 2.188, 2.172, 2.171, 2.172, 2.184, 2.198, 2.211, 2.221, 2.221, 2.217,
                    2.224, 2.231, 2.233, 2.231, 2.226, 2.214, 2.201, 2.188, 2.184, 2.184, 2.191, 2.198, 2.211, 2.212, 2.214, 2.207,
                    2.224, 2.233, 2.235, 2.234, 2.229, 2.219, 2.209, 2.198, 2.191, 2.191, 2.196, 2.201, 2.203, 2.208, 2.204, 2.195,
                    2.219, 2.226, 2.234, 2.234, 2.231, 2.222, 2.212, 2.203, 2.196, 2.196, 2.198, 2.202, 2.202, 2.203, 2.195, 2.192
                ]
            }
        ],
        "calibrations_Cb":
        [
            {
                "ct": 6500, "table":
                [
                    1.329, 1.329, 1.329, 1.337, 1.347, 1.355, 1.363, 1.367, 1.366, 1.359, 1.351, 1.342, 1.331, 1.321, 1.319, 1.317,
                    1.329, 1.329, 1.334, 1.339, 1.349, 1.358, 1.367, 1.373, 1.373, 1.366, 1.356, 1.344, 1.333, 1.322, 1.319, 1.315,
                    1.329, 1.334, 1.339, 1.349, 1.356, 1.365, 1.373, 1.379, 1.376, 1.373, 1.361, 1.348, 1.339, 1.329, 1.319, 1.315,
                    1.337, 1.343, 1.349, 1.356, 1.365, 1.374, 1.379, 1.383, 1.383, 1.376, 1.367, 1.356, 1.346, 1.337, 1.327, 1.319,
                    1.345, 1.351, 1.358, 1.366, 1.374, 1.379, 1.384, 1.387, 1.387, 1.382, 1.374, 1.364, 1.354, 1.344, 1.334, 1.326,
                    1.352, 1.358, 1.366, 1.374, 1.379, 1.386, 1.391, 1.393, 1.391, 1.387, 1.379, 1.369, 1.358, 1.347, 1.336, 1.326,
                    1.356, 1.362, 1.369, 1.377, 1.385, 1.389, 1.393, 1.395, 1.394, 1.388, 1.379, 1.369, 1.358, 1.347, 1.336, 1.326,
                    1.356, 1.362, 1.369, 1.377, 1.383, 1.388, 1.393, 1.394, 1.393, 1.387, 1.377, 1.367, 1.356, 1.346, 1.334, 1.326,
                    1.353, 1.359, 1.364, 1.369, 1.377, 1.383, 1.388, 1.389, 1.387, 1.381, 1.371, 1.361, 1.351, 1.341, 1.331, 1.324,
                    1.349, 1.353, 1.359, 1.363, 1.368, 1.374, 1.379, 1.381, 1.381, 1.371, 1.362, 1.353, 1.344, 1.335, 1.326, 1.319,
                    1.345, 1.346, 1.349, 1.353, 1.358, 1.364, 1.369, 1.369, 1.368, 1.362, 1.354, 1.344, 1.336, 1.327, 1.319, 1.318,
                    1.345, 1.345, 1.345, 1.349, 1.353, 1.358, 1.361, 1.361, 1.361, 1.355, 1.347, 1.338, 1.331, 1.322, 1.319, 1.318
                ]
            }
        ],